{"cameraMode":{"drawMode":0,"name":"Shaded","section":"Shading Mode"},"sceneLighting":true,"audioPlay":false,"sceneViewState":{"m_AlwaysRefresh":false,"showFog":true,"showSkybox":true,"showFlares":true,"showImageEffects":true,"showParticleSystems":true,"showVisualEffectGraphs":true,"m_FxEnabled":true},"in2DMode":false,"pivot":{"x":-42.747108459472659,"y":0.16361761093139649,"z":50.06031799316406},"rotation":{"x":-0.012999762780964375,"y":0.3475937247276306,"z":-0.004655449651181698,"w":-0.9374501705169678},"size":34.58574676513672,"orthographic":false}